Counties,Measure Names,Measure Values
IRP VEHICLES **,Total Vehicles,1543511
STATEWIDE,Total Vehicles,35310563
FEE EXEMPT VEHICLES,Total Vehicles,589368
MISC VEHICLES *,Total Vehicles,128631
OUT OF STATE,Total Vehicles,215308
YUBA,Total Vehicles,71624
YOLO,Total Vehicles,185621
VENTURA,Total Vehicles,809558
TUOLUMNE,Total Vehicles,78869
TULARE,Total Vehicles,389770
TRINITY,Total Vehicles,20943
TEHAMA,Total Vehicles,75320
SUTTER,Total Vehicles,102606
STANISLAUS,Total Vehicles,495754
SONOMA,Total Vehicles,535474
SOLANO,Total Vehicles,415729
SISKIYOU,Total Vehicles,67145
SIERRA,Total Vehicles,5626
SHASTA,Total Vehicles,218975
SANTA CRUZ,Total Vehicles,263706
SANTA CLARA,Total Vehicles,1687346
SANTA BARBARA,Total Vehicles,403822
SAN MATEO,Total Vehicles,747466
SAN LUIS OBISPO,Total Vehicles,310536
SAN JOAQUIN,Total Vehicles,658887
SAN FRANCISCO,Total Vehicles,500401
SAN DIEGO,Total Vehicles,2960317
SAN BERNARDINO,Total Vehicles,1841642
SAN BENITO,Total Vehicles,64680
SACRAMENTO,Total Vehicles,1313152
RIVERSIDE,Total Vehicles,1984499
PLUMAS,Total Vehicles,33334
PLACER,Total Vehicles,421227
ORANGE,Total Vehicles,2901123
NEVADA,Total Vehicles,133503
NAPA,Total Vehicles,148855
MONTEREY,Total Vehicles,390830
MONO,Total Vehicles,17469
MODOC,Total Vehicles,13631
MERCED,Total Vehicles,227684
MENDOCINO,Total Vehicles,118699
MARIPOSA,Total Vehicles,28809
MARIN,Total Vehicles,249314
MADERA,Total Vehicles,141166
LOS ANGELES,Total Vehicles,8050850
LASSEN,Total Vehicles,37130
LAKE,Total Vehicles,90347
KINGS,Total Vehicles,113102
KERN,Total Vehicles,752051
INYO,Total Vehicles,28199
IMPERIAL,Total Vehicles,191574
HUMBOLDT,Total Vehicles,156376
GLENN,Total Vehicles,37117
FRESNO,Total Vehicles,804865
EL DORADO,Total Vehicles,229755
DEL NORTE,Total Vehicles,27951
CONTRA COSTA,Total Vehicles,1078329
COLUSA,Total Vehicles,29896
CALAVERAS,Total Vehicles,77684
BUTTE,Total Vehicles,236792
AMADOR,Total Vehicles,58185
ALPINE,Total Vehicles,3417
ALAMEDA,Total Vehicles,1338524
IRP VEHICLES **,Motorcycles,
STATEWIDE,Motorcycles,907037
FEE EXEMPT VEHICLES,Motorcycles,13930
MISC VEHICLES *,Motorcycles,
OUT OF STATE,Motorcycles,4083
YUBA,Motorcycles,2399
YOLO,Motorcycles,4419
VENTURA,Motorcycles,25214
TUOLUMNE,Motorcycles,3184
TULARE,Motorcycles,9113
TRINITY,Motorcycles,729
TEHAMA,Motorcycles,2062
SUTTER,Motorcycles,2354
STANISLAUS,Motorcycles,12447
SONOMA,Motorcycles,18176
SOLANO,Motorcycles,13393
SISKIYOU,Motorcycles,1998
SIERRA,Motorcycles,165
SHASTA,Motorcycles,7995
SANTA CRUZ,Motorcycles,10771
SANTA CLARA,Motorcycles,41348
SANTA BARBARA,Motorcycles,13297
SAN MATEO,Motorcycles,17625
SAN LUIS OBISPO,Motorcycles,11616
SAN JOAQUIN,Motorcycles,15496
SAN FRANCISCO,Motorcycles,23078
SAN DIEGO,Motorcycles,90305
SAN BERNARDINO,Motorcycles,46883
SAN BENITO,Motorcycles,2459
SACRAMENTO,Motorcycles,33385
RIVERSIDE,Motorcycles,51829
PLUMAS,Motorcycles,1038
PLACER,Motorcycles,13713
ORANGE,Motorcycles,65762
NEVADA,Motorcycles,5740
NAPA,Motorcycles,4278
MONTEREY,Motorcycles,8754
MONO,Motorcycles,651
MODOC,Motorcycles,237
MERCED,Motorcycles,4821
MENDOCINO,Motorcycles,3958
MARIPOSA,Motorcycles,1051
MARIN,Motorcycles,7588
MADERA,Motorcycles,3808
LOS ANGELES,Motorcycles,165275
LASSEN,Motorcycles,1105
LAKE,Motorcycles,3159
KINGS,Motorcycles,2803
KERN,Motorcycles,19312
INYO,Motorcycles,988
IMPERIAL,Motorcycles,3075
HUMBOLDT,Motorcycles,5129
GLENN,Motorcycles,858
FRESNO,Motorcycles,19127
EL DORADO,Motorcycles,8648
DEL NORTE,Motorcycles,850
CONTRA COSTA,Motorcycles,27938
COLUSA,Motorcycles,507
CALAVERAS,Motorcycles,3052
BUTTE,Motorcycles,7581
AMADOR,Motorcycles,2220
ALPINE,Motorcycles,73
ALAMEDA,Motorcycles,34185
IRP VEHICLES **,Trailers,
STATEWIDE,Trailers,2715465
FEE EXEMPT VEHICLES,Trailers,72865
MISC VEHICLES *,Trailers,
OUT OF STATE,Trailers,75816
YUBA,Trailers,13098
YOLO,Trailers,25154
VENTURA,Trailers,53789
TUOLUMNE,Trailers,14485
TULARE,Trailers,52006
TRINITY,Trailers,5392
TEHAMA,Trailers,19164
SUTTER,Trailers,19695
STANISLAUS,Trailers,65504
SONOMA,Trailers,57949
SOLANO,Trailers,37984
SISKIYOU,Trailers,15675
SIERRA,Trailers,1229
SHASTA,Trailers,50310
SANTA CRUZ,Trailers,20824
SANTA CLARA,Trailers,66106
SANTA BARBARA,Trailers,33552
SAN MATEO,Trailers,21769
SAN LUIS OBISPO,Trailers,46100
SAN JOAQUIN,Trailers,85208
SAN FRANCISCO,Trailers,8531
SAN DIEGO,Trailers,180931
SAN BERNARDINO,Trailers,176186
SAN BENITO,Trailers,8452
SACRAMENTO,Trailers,106171
RIVERSIDE,Trailers,167125
PLUMAS,Trailers,8185
PLACER,Trailers,51654
ORANGE,Trailers,118689
NEVADA,Trailers,25830
NAPA,Trailers,16857
MONTEREY,Trailers,35616
MONO,Trailers,3403
MODOC,Trailers,4053
MERCED,Trailers,29110
MENDOCINO,Trailers,21128
MARIPOSA,Trailers,6116
MARIN,Trailers,11670
MADERA,Trailers,25206
LOS ANGELES,Trailers,300306
LASSEN,Trailers,9908
LAKE,Trailers,17137
KINGS,Trailers,15066
KERN,Trailers,106117
INYO,Trailers,5681
IMPERIAL,Trailers,23139
HUMBOLDT,Trailers,28088
GLENN,Trailers,9428
FRESNO,Trailers,94709
EL DORADO,Trailers,38846
DEL NORTE,Trailers,5450
CONTRA COSTA,Trailers,63320
COLUSA,Trailers,8340
CALAVERAS,Trailers,16129
BUTTE,Trailers,46268
AMADOR,Trailers,11024
ALPINE,Trailers,399
ALAMEDA,Trailers,57523
IRP VEHICLES **,Trucks,
STATEWIDE,Trucks,6101512
FEE EXEMPT VEHICLES,Trucks,289192
MISC VEHICLES *,Trucks,
OUT OF STATE,Trucks,35456
YUBA,Trucks,16077
YOLO,Trucks,36833
VENTURA,Trucks,139898
TUOLUMNE,Trucks,20864
TULARE,Trucks,99968
TRINITY,Trucks,6158
TEHAMA,Trucks,19668
SUTTER,Trucks,24466
STANISLAUS,Trucks,111180
SONOMA,Trucks,112946
SOLANO,Trucks,72621
SISKIYOU,Trucks,18691
SIERRA,Trucks,1644
SHASTA,Trucks,51207
SANTA CRUZ,Trucks,51923
SANTA CLARA,Trucks,197675
SANTA BARBARA,Trucks,80502
SAN MATEO,Trucks,87758
SAN LUIS OBISPO,Trucks,66316
SAN JOAQUIN,Trucks,131045
SAN FRANCISCO,Trucks,55645
SAN DIEGO,Trucks,473340
SAN BERNARDINO,Trucks,352320
SAN BENITO,Trucks,15650
SACRAMENTO,Trucks,221756
RIVERSIDE,Trucks,375313
PLUMAS,Trucks,9159
PLACER,Trucks,77057
ORANGE,Trucks,413661
NEVADA,Trucks,29628
NAPA,Trucks,30902
MONTEREY,Trucks,80948
MONO,Trucks,4276
MODOC,Trucks,4229
MERCED,Trucks,54143
MENDOCINO,Trucks,33220
MARIPOSA,Trucks,7765
MARIN,Trucks,31985
MADERA,Trucks,34061
LOS ANGELES,Trucks,1103918
LASSEN,Trucks,10337
LAKE,Trucks,22437
KINGS,Trucks,27207
KERN,Trucks,189167
INYO,Trucks,7716
IMPERIAL,Trucks,43795
HUMBOLDT,Trucks,42354
GLENN,Trucks,10306
FRESNO,Trucks,179820
EL DORADO,Trucks,47586
DEL NORTE,Trucks,7032
CONTRA COSTA,Trucks,151888
COLUSA,Trucks,8258
CALAVERAS,Trucks,20470
BUTTE,Trucks,54297
AMADOR,Trucks,15518
ALPINE,Trucks,776
ALAMEDA,Trucks,181484
IRP VEHICLES **,Autos,
STATEWIDE,Autos,25457918
FEE EXEMPT VEHICLES,Autos,213381
MISC VEHICLES *,Autos,
OUT OF STATE,Autos,99953
YUBA,Autos,40050
YOLO,Autos,119215
VENTURA,Autos,590657
TUOLUMNE,Autos,40336
TULARE,Autos,228683
TRINITY,Autos,8664
TEHAMA,Autos,34426
SUTTER,Autos,56091
STANISLAUS,Autos,306623
SONOMA,Autos,346403
SOLANO,Autos,291731
SISKIYOU,Autos,30781
SIERRA,Autos,2588
SHASTA,Autos,109463
SANTA CRUZ,Autos,180188
SANTA CLARA,Autos,1382217
SANTA BARBARA,Autos,276471
SAN MATEO,Autos,620314
SAN LUIS OBISPO,Autos,186504
SAN JOAQUIN,Autos,427138
SAN FRANCISCO,Autos,413147
SAN DIEGO,Autos,2215741
SAN BERNARDINO,Autos,1266253
SAN BENITO,Autos,38119
SACRAMENTO,Autos,951840
RIVERSIDE,Autos,1390232
PLUMAS,Autos,14952
PLACER,Autos,278803
ORANGE,Autos,2303011
NEVADA,Autos,72305
NAPA,Autos,96818
MONTEREY,Autos,265512
MONO,Autos,9139
MODOC,Autos,5112
MERCED,Autos,139610
MENDOCINO,Autos,60393
MARIPOSA,Autos,13877
MARIN,Autos,198071
MADERA,Autos,78091
LOS ANGELES,Autos,6481351
LASSEN,Autos,15780
LAKE,Autos,47614
KINGS,Autos,68026
KERN,Autos,437455
INYO,Autos,13814
IMPERIAL,Autos,121565
HUMBOLDT,Autos,80805
GLENN,Autos,16525
FRESNO,Autos,511209
EL DORADO,Autos,134675
DEL NORTE,Autos,14619
CONTRA COSTA,Autos,835183
COLUSA,Autos,12791
CALAVERAS,Autos,38033
BUTTE,Autos,128646
AMADOR,Autos,29423
ALPINE,Autos,2169
ALAMEDA,Autos,1065332
